<?xml version="1.0" encoding="UTF-8"?>
<list id="1">
  <org.openmrs.RelationshipType id="2" uuid="03ecf59a-4c7a-11e5-9192-080027b662ec">
    <description>Relationship from a primary care provider to the patient</description>
    <creator/>
    <dateCreated id="3">2015-08-27 10:41:04</dateCreated>
    <changedBy/>
    <dateChanged id="4">2018-10-02 05:26:27</dateChanged>
    <retired>true</retired>
    <dateRetired id="5">2018-09-21 04:02:56</dateRetired>
    <retiredBy/>
    <retireReason>NOT USED</retireReason>
    <relationshipTypeId>1</relationshipTypeId>
    <aIsToB>Doctor</aIsToB>
    <bIsToA>Patient</bIsToA>
    <weight>0</weight>
    <preferred>false</preferred>
  </org.openmrs.RelationshipType>
  <org.openmrs.RelationshipType id="6" uuid="03ed3084-4c7a-11e5-9192-080027b662ec">
    <description>Relationship between brother/sister, brother/brother, and sister/sister</description>
    <creator/>
    <dateCreated id="7">2015-08-27 10:41:04</dateCreated>
    <changedBy/>
    <dateChanged id="8">2018-10-02 05:26:27</dateChanged>
    <retired>false</retired>
    <relationshipTypeId>2</relationshipTypeId>
    <aIsToB>Sibling</aIsToB>
    <bIsToA>Sibling</bIsToA>
    <weight>0</weight>
    <preferred>false</preferred>
  </org.openmrs.RelationshipType>
  <org.openmrs.RelationshipType id="9" uuid="03ed79c5-4c7a-11e5-9192-080027b662ec">
    <description>Relationship from a mother/father to the child</description>
    <creator/>
    <dateCreated id="10">2015-08-27 10:41:04</dateCreated>
    <changedBy/>
    <dateChanged id="11">2018-10-02 05:26:27</dateChanged>
    <retired>false</retired>
    <relationshipTypeId>3</relationshipTypeId>
    <aIsToB>Parent</aIsToB>
    <bIsToA>Child</bIsToA>
    <weight>0</weight>
    <preferred>false</preferred>
  </org.openmrs.RelationshipType>
  <org.openmrs.RelationshipType id="12" uuid="0cfeb417-099e-4ecd-8867-531c40cf862a">
    <description>Relationship between Husband and Wife</description>
    <creator/>
    <dateCreated id="13">2018-09-21 04:04:39</dateCreated>
    <changedBy/>
    <dateChanged id="14">2018-10-02 05:26:27</dateChanged>
    <retired>false</retired>
    <relationshipTypeId>5</relationshipTypeId>
    <aIsToB>Husband</aIsToB>
    <bIsToA>Wife</bIsToA>
    <weight>0</weight>
    <preferred>false</preferred>
  </org.openmrs.RelationshipType>
  <org.openmrs.RelationshipType id="15" uuid="1db049b9-7053-491d-b023-ed713301b268">
    <description>Relationship from Child to Mother/Father</description>
    <creator/>
    <dateCreated id="16">2018-10-17 02:29:41</dateCreated>
    <changedBy/>
    <dateChanged id="17">2018-10-17 02:30:13</dateChanged>
    <retired>false</retired>
    <relationshipTypeId>6</relationshipTypeId>
    <aIsToB>Child</aIsToB>
    <bIsToA>Parent</bIsToA>
    <weight>0</weight>
    <preferred>false</preferred>
  </org.openmrs.RelationshipType>
  <org.openmrs.RelationshipType id="18" uuid="2a5f4ff4-a179-4b8a-aa4c-40f71956ebbc">
    <description>Provider supervisor to provider supervisee relationship</description>
    <creator/>
    <dateCreated id="19">2017-01-01 22:27:37</dateCreated>
    <changedBy/>
    <dateChanged id="20">2018-10-02 05:26:27</dateChanged>
    <retired>true</retired>
    <dateRetired id="21">2018-09-21 04:03:06</dateRetired>
    <retiredBy/>
    <retireReason>NOT USED</retireReason>
    <relationshipTypeId>4</relationshipTypeId>
    <aIsToB>Supervisor</aIsToB>
    <bIsToA>Supervisee</bIsToA>
    <weight>0</weight>
    <preferred>false</preferred>
  </org.openmrs.RelationshipType>
  <org.openmrs.RelationshipType id="22" uuid="bca0c5cf-fdb6-433f-8491-90a9234c825e">
    <description>Relationship between Wife and Husband</description>
    <creator/>
    <dateCreated id="23">2018-10-17 02:45:55</dateCreated>
    <retired>false</retired>
    <relationshipTypeId>7</relationshipTypeId>
    <aIsToB>Wife</aIsToB>
    <bIsToA>Husband</bIsToA>
    <weight>0</weight>
    <preferred>false</preferred>
  </org.openmrs.RelationshipType>
</list>
