<?xml version="1.0" encoding="UTF-8"?>
<list id="1">
  <org.openmrs.RelationshipType id="2" uuid="03ecf59a-4c7a-11e5-9192-080027b662ec">
    <description>Relationship from a primary care provider to the patient</description>
    <creator/>
    <dateCreated id="3">2015-08-27 10:41:04</dateCreated>
    <changedBy/>
    <dateChanged id="4">2018-09-21 04:02:56</dateChanged>
    <retired>true</retired>
    <dateRetired id="5">2018-09-21 04:02:56</dateRetired>
    <retiredBy/>
    <retireReason>NOT USED</retireReason>
    <relationshipTypeId>1</relationshipTypeId>
    <aIsToB>Doctor</aIsToB>
    <bIsToA>Patient</bIsToA>
    <weight>0</weight>
    <preferred>false</preferred>
  </org.openmrs.RelationshipType>
  <org.openmrs.RelationshipType id="6" uuid="03ed3084-4c7a-11e5-9192-080027b662ec">
    <description>Relationship between brother/sister, brother/brother, and sister/sister</description>
    <creator/>
    <dateCreated id="7">2015-08-27 10:41:04</dateCreated>
    <retired>false</retired>
    <relationshipTypeId>2</relationshipTypeId>
    <aIsToB>Sibling</aIsToB>
    <bIsToA>Sibling</bIsToA>
    <weight>0</weight>
    <preferred>false</preferred>
  </org.openmrs.RelationshipType>
  <org.openmrs.RelationshipType id="8" uuid="03ed79c5-4c7a-11e5-9192-080027b662ec">
    <description>Relationship from a mother/father to the child</description>
    <creator/>
    <dateCreated id="9">2015-08-27 10:41:04</dateCreated>
    <retired>false</retired>
    <relationshipTypeId>3</relationshipTypeId>
    <aIsToB>Parent</aIsToB>
    <bIsToA>Child</bIsToA>
    <weight>0</weight>
    <preferred>false</preferred>
  </org.openmrs.RelationshipType>
  <org.openmrs.RelationshipType id="10" uuid="0cfeb417-099e-4ecd-8867-531c40cf862a">
    <description>Relationship between Husband and Wife</description>
    <creator/>
    <dateCreated id="11">2018-09-21 04:04:39</dateCreated>
    <retired>false</retired>
    <relationshipTypeId>5</relationshipTypeId>
    <aIsToB>Husband</aIsToB>
    <bIsToA>Wife</bIsToA>
    <weight>0</weight>
    <preferred>false</preferred>
  </org.openmrs.RelationshipType>
  <org.openmrs.RelationshipType id="12" uuid="2a5f4ff4-a179-4b8a-aa4c-40f71956ebbc">
    <description>Provider supervisor to provider supervisee relationship</description>
    <creator/>
    <dateCreated id="13">2017-01-01 22:27:37</dateCreated>
    <changedBy/>
    <dateChanged id="14">2018-09-21 04:03:06</dateChanged>
    <retired>true</retired>
    <dateRetired id="15">2018-09-21 04:03:06</dateRetired>
    <retiredBy/>
    <retireReason>NOT USED</retireReason>
    <relationshipTypeId>4</relationshipTypeId>
    <aIsToB>Supervisor</aIsToB>
    <bIsToA>Supervisee</bIsToA>
    <weight>0</weight>
    <preferred>false</preferred>
  </org.openmrs.RelationshipType>
</list>
