<?xml version="1.0" encoding="UTF-8"?>
<list id="1">
  <org.openmrs.scheduler.TaskDefinition id="2" uuid="c239c327-3f10-11e4-adec-0800271c1b75">
    <name>Close Stale Visits Task</name>
    <description>Auto close visit task after number of hours specified by emrapi.visitExpireHours</description>
    <creator/>
    <dateCreated id="3">2014-09-18 14:19:53</dateCreated>
    <changedBy/>
    <dateChanged id="4">2018-09-13 07:10:28</dateChanged>
    <retired>false</retired>
    <log class="org.apache.commons.logging.impl.SLF4JLocationAwareLog" id="5">
      <name>org.openmrs.scheduler.TaskDefinition</name>
    </log>
    <id>5</id>
    <taskClass>org.openmrs.module.emrapi.adt.CloseStaleVisitsTask</taskClass>
    <startTime id="6">2014-04-30 23:59:59</startTime>
    <lastExecutionTime id="7">2017-01-02 00:00:00</lastExecutionTime>
    <repeatInterval>86313600</repeatInterval>
    <startOnStartup>false</startOnStartup>
    <startTimePattern>MM/dd/yyyy HH:mm:ss</startTimePattern>
    <started>false</started>
    <properties id="8"/>
  </org.openmrs.scheduler.TaskDefinition>
</list>
