<?xml version="1.0" encoding="UTF-8"?>
<package id="1" uuid="ea74a2e2-7a05-4f3a-b070-77d9019ad89a">
  <dateCreated id="2">2018-09-27 20:54:58</dateCreated>
  <name>Locations</name>
  <description>Locations</description>
  <openmrsVersion>2.1.1  Build 725db5</openmrsVersion>
  <version>1</version>
  <groupUuid>62788ef9-35d9-4010-808d-c4ae78c106c9</groupUuid>
  <modules id="3">
    <entry>
      <string>calculation</string>
      <string>1.2</string>
    </entry>
    <entry>
      <string>legacyui</string>
      <string>1.3.3</string>
    </entry>
    <entry>
      <string>metadatasharing</string>
      <string>1.2.2</string>
    </entry>
    <entry>
      <string>elisatomfeedclient</string>
      <string>0.90-SNAPSHOT</string>
    </entry>
    <entry>
      <string>bedmanagement</string>
      <string>5.6.0</string>
    </entry>
    <entry>
      <string>providermanagement</string>
      <string>2.5.0</string>
    </entry>
    <entry>
      <string>bacteriology</string>
      <string>1.1-SNAPSHOT</string>
    </entry>
    <entry>
      <string>htmlwidgets</string>
      <string>1.8.0</string>
    </entry>
    <entry>
      <string>reference-data</string>
      <string>0.90-SNAPSHOT</string>
    </entry>
    <entry>
      <string>addresshierarchy</string>
      <string>2.11.0</string>
    </entry>
    <entry>
      <string>uiframework</string>
      <string>3.8</string>
    </entry>
    <entry>
      <string>rulesengine</string>
      <string>0.90-SNAPSHOT</string>
    </entry>
    <entry>
      <string>idgen-webservices</string>
      <string>1.2-SNAPSHOT</string>
    </entry>
    <entry>
      <string>event</string>
      <string>2.5</string>
    </entry>
    <entry>
      <string>uicommons</string>
      <string>2.0</string>
    </entry>
    <entry>
      <string>reporting</string>
      <string>1.12.0</string>
    </entry>
    <entry>
      <string>emrapi</string>
      <string>1.23.0</string>
    </entry>
    <entry>
      <string>episodes</string>
      <string>1.0-SNAPSHOT</string>
    </entry>
    <entry>
      <string>appointments</string>
      <string>1.0-SNAPSHOT</string>
    </entry>
    <entry>
      <string>idgen</string>
      <string>4.4.1</string>
    </entry>
    <entry>
      <string>auditlog</string>
      <string>1.0-SNAPSHOT</string>
    </entry>
    <entry>
      <string>bahmnicore</string>
      <string>0.90-SNAPSHOT</string>
    </entry>
    <entry>
      <string>uilibrary</string>
      <string>2.0.5</string>
    </entry>
    <entry>
      <string>initializer</string>
      <string>1.0.2-SNAPSHOT</string>
    </entry>
    <entry>
      <string>appframework</string>
      <string>2.10.0</string>
    </entry>
    <entry>
      <string>webservices.rest</string>
      <string>2.20.0.0e371e</string>
    </entry>
    <entry>
      <string>openmrs-atomfeed</string>
      <string>2.5.6</string>
    </entry>
    <entry>
      <string>metadatamapping</string>
      <string>1.3.1</string>
    </entry>
    <entry>
      <string>bahmni.ie.apps</string>
      <string>0.90-SNAPSHOT</string>
    </entry>
    <entry>
      <string>serialization.xstream</string>
      <string>0.2.12</string>
    </entry>
  </modules>
  <items class="linked-hash-set" id="4">
    <org.openmrs.module.metadatasharing.Item id="5" uuid="0a53e73c-1c78-4b3d-b1c9-8dbff99cfca5">
      <id>15</id>
      <classname>org.openmrs.Location</classname>
      <dateChanged id="6">2018-09-27 20:54:42</dateChanged>
      <retired>false</retired>
    </org.openmrs.module.metadatasharing.Item>
    <org.openmrs.module.metadatasharing.Item id="7" uuid="8d6c993e-c2cc-11de-8d13-0010c6dffd0f">
      <id>1</id>
      <classname>org.openmrs.Location</classname>
      <dateChanged id="8">2018-09-21 11:10:50</dateChanged>
      <retired>false</retired>
    </org.openmrs.module.metadatasharing.Item>
    <org.openmrs.module.metadatasharing.Item id="9" uuid="baf7bd38-d225-11e4-9c67-080027b662ec">
      <id>9</id>
      <classname>org.openmrs.Location</classname>
      <dateChanged id="10">2018-09-21 11:10:50</dateChanged>
      <retired>true</retired>
    </org.openmrs.module.metadatasharing.Item>
    <org.openmrs.module.metadatasharing.Item id="11" uuid="baf83667-d225-11e4-9c67-080027b662ec">
      <id>10</id>
      <classname>org.openmrs.Location</classname>
      <dateChanged id="12">2018-09-21 11:10:50</dateChanged>
      <retired>true</retired>
    </org.openmrs.module.metadatasharing.Item>
    <org.openmrs.module.metadatasharing.Item id="13" uuid="bb0e512e-d225-11e4-9c67-080027b662ec">
      <id>11</id>
      <classname>org.openmrs.Location</classname>
      <dateChanged id="14">2018-09-21 11:10:50</dateChanged>
      <retired>true</retired>
    </org.openmrs.module.metadatasharing.Item>
    <org.openmrs.module.metadatasharing.Item id="15" uuid="bb0eb071-d225-11e4-9c67-080027b662ec">
      <id>12</id>
      <classname>org.openmrs.Location</classname>
      <dateChanged id="16">2018-09-21 11:10:50</dateChanged>
      <retired>true</retired>
    </org.openmrs.module.metadatasharing.Item>
    <org.openmrs.module.metadatasharing.Item id="17" uuid="c1e42932-3f10-11e4-adec-0800271c1b75">
      <id>2</id>
      <classname>org.openmrs.Location</classname>
      <dateChanged id="18">2018-09-21 11:10:50</dateChanged>
      <retired>true</retired>
    </org.openmrs.module.metadatasharing.Item>
    <org.openmrs.module.metadatasharing.Item id="19" uuid="c1e4950f-3f10-11e4-adec-0800271c1b75">
      <id>3</id>
      <classname>org.openmrs.Location</classname>
      <dateChanged id="20">2018-09-21 11:10:50</dateChanged>
      <retired>true</retired>
    </org.openmrs.module.metadatasharing.Item>
    <org.openmrs.module.metadatasharing.Item id="21" uuid="c1ebb8db-3f10-11e4-adec-0800271c1b75">
      <id>4</id>
      <classname>org.openmrs.Location</classname>
      <dateChanged id="22">2018-09-21 11:10:50</dateChanged>
      <retired>true</retired>
    </org.openmrs.module.metadatasharing.Item>
    <org.openmrs.module.metadatasharing.Item id="23" uuid="c1f25be5-3f10-11e4-adec-0800271c1b75">
      <id>5</id>
      <classname>org.openmrs.Location</classname>
      <dateChanged id="24">2018-09-21 11:10:50</dateChanged>
      <retired>true</retired>
    </org.openmrs.module.metadatasharing.Item>
    <org.openmrs.module.metadatasharing.Item id="25" uuid="c5854fd7-3f12-11e4-adec-0800271c1b75">
      <id>7</id>
      <classname>org.openmrs.Location</classname>
      <dateChanged id="26">2018-09-21 11:10:50</dateChanged>
      <retired>true</retired>
    </org.openmrs.module.metadatasharing.Item>
    <org.openmrs.module.metadatasharing.Item id="27" uuid="c58e12ed-3f12-11e4-adec-0800271c1b75">
      <id>8</id>
      <classname>org.openmrs.Location</classname>
      <dateChanged id="28">2018-09-21 11:10:50</dateChanged>
      <retired>true</retired>
    </org.openmrs.module.metadatasharing.Item>
    <org.openmrs.module.metadatasharing.Item id="29" uuid="e48fb2b3-d490-11e5-b193-0800270d80ce">
      <id>14</id>
      <classname>org.openmrs.Location</classname>
      <dateChanged id="30">2018-09-21 11:10:50</dateChanged>
      <retired>true</retired>
    </org.openmrs.module.metadatasharing.Item>
  </items>
  <relatedItems class="linked-hash-set" id="31">
    <org.openmrs.module.metadatasharing.Item id="32" uuid="475d8fa3-5572-11e6-8be9-0800270d80ce">
      <id>3</id>
      <classname>org.openmrs.LocationTag</classname>
      <dateChanged id="33">2018-09-21 11:10:50</dateChanged>
      <retired>false</retired>
    </org.openmrs.module.metadatasharing.Item>
    <org.openmrs.module.metadatasharing.Item id="34" uuid="b8bbf83e-645f-451f-8efe-a0db56f09676">
      <id>1</id>
      <classname>org.openmrs.LocationTag</classname>
      <dateChanged id="35">2018-09-21 11:10:50</dateChanged>
      <retired>false</retired>
    </org.openmrs.module.metadatasharing.Item>
    <org.openmrs.module.metadatasharing.Item id="36" uuid="a675e840-d225-11e4-9c67-080027b662ec">
      <id>2</id>
      <classname>org.openmrs.LocationTag</classname>
      <dateChanged id="37">2018-09-21 11:10:50</dateChanged>
      <retired>false</retired>
    </org.openmrs.module.metadatasharing.Item>
    <org.openmrs.module.metadatasharing.Item id="38" uuid="c1e46f27-3f10-11e4-adec-0800271c1b75">
      <id>1</id>
      <classname>org.openmrs.LocationAttribute</classname>
      <dateChanged id="39">2018-09-21 11:10:50</dateChanged>
    </org.openmrs.module.metadatasharing.Item>
    <org.openmrs.module.metadatasharing.Item id="40" uuid="c1e403a0-3f10-11e4-adec-0800271c1b75">
      <id>1</id>
      <classname>org.openmrs.LocationAttributeType</classname>
      <dateChanged id="41">2018-09-21 11:10:50</dateChanged>
      <retired>false</retired>
    </org.openmrs.module.metadatasharing.Item>
    <org.openmrs.module.metadatasharing.Item id="42" uuid="c1e4e4a5-3f10-11e4-adec-0800271c1b75">
      <id>2</id>
      <classname>org.openmrs.LocationAttribute</classname>
      <dateChanged id="43">2018-09-21 11:10:50</dateChanged>
    </org.openmrs.module.metadatasharing.Item>
    <org.openmrs.module.metadatasharing.Item id="44" uuid="c1f23319-3f10-11e4-adec-0800271c1b75">
      <id>3</id>
      <classname>org.openmrs.LocationAttribute</classname>
      <dateChanged id="45">2018-09-21 11:10:50</dateChanged>
    </org.openmrs.module.metadatasharing.Item>
    <org.openmrs.module.metadatasharing.Item id="46" uuid="c1f2a697-3f10-11e4-adec-0800271c1b75">
      <id>4</id>
      <classname>org.openmrs.LocationAttribute</classname>
      <dateChanged id="47">2018-09-21 11:10:50</dateChanged>
    </org.openmrs.module.metadatasharing.Item>
  </relatedItems>
</package>
