<?xml version="1.0" encoding="UTF-8"?>
<list id="1">
  <org.openmrs.Location id="2" uuid="0a53e73c-1c78-4b3d-b1c9-8dbff99cfca5">
    <name>Salam IVF Fertility Center</name>
    <description>Salam IVF Fertility Center</description>
    <creator/>
    <dateCreated id="3">2018-09-21 10:43:17</dateCreated>
    <retired>false</retired>
    <attributes id="4"/>
    <locationId>15</locationId>
    <country>Bahrain</country>
    <childLocations id="5"/>
    <tags id="6">
      <org.openmrs.LocationTag id="7" uuid="475d8fa3-5572-11e6-8be9-0800270d80ce">
        <name>Visit Location</name>
        <description>Visit Location</description>
        <creator/>
        <dateCreated id="8">2016-07-29 15:23:19</dateCreated>
        <retired>false</retired>
        <locationTagId>3</locationTagId>
      </org.openmrs.LocationTag>
      <org.openmrs.LocationTag id="9" uuid="b8bbf83e-645f-451f-8efe-a0db56f09676">
        <name>Login Location</name>
        <description>When a user logs in and chooses a session location, they may only choose one with this tag</description>
        <creator/>
        <dateCreated id="10">2014-09-18 14:28:23</dateCreated>
        <retired>false</retired>
        <locationTagId>1</locationTagId>
      </org.openmrs.LocationTag>
    </tags>
  </org.openmrs.Location>
  <org.openmrs.Location id="11" uuid="8d6c993e-c2cc-11de-8d13-0010c6dffd0f">
    <name>Unknown Location</name>
    <creator/>
    <dateCreated id="12">2005-09-22 00:00:00</dateCreated>
    <retired>false</retired>
    <attributes id="13"/>
    <locationId>1</locationId>
    <address1></address1>
    <address2></address2>
    <cityVillage></cityVillage>
    <stateProvince></stateProvince>
    <country></country>
    <postalCode></postalCode>
    <childLocations id="14"/>
    <tags id="15"/>
  </org.openmrs.Location>
  <org.openmrs.Location id="16" uuid="baf7bd38-d225-11e4-9c67-080027b662ec">
    <name>General Ward</name>
    <description>General Ward</description>
    <creator/>
    <dateCreated id="17">2015-03-24 18:30:22</dateCreated>
    <changedBy/>
    <dateChanged id="18">2018-09-21 10:05:24</dateChanged>
    <retired>true</retired>
    <dateRetired id="19">2018-09-21 10:05:24</dateRetired>
    <retiredBy/>
    <retireReason>NOT USED</retireReason>
    <attributes id="20"/>
    <locationId>9</locationId>
    <parentLocation id="21" resolves-to="org.openmrs.Location" uuid="c1e42932-3f10-11e4-adec-0800271c1b75">
      <name>Ganiyari</name>
      <description>Ganiyari hospital</description>
      <creator/>
      <dateCreated id="22">2014-09-18 00:00:00</dateCreated>
      <changedBy/>
      <dateChanged id="23">2018-09-21 10:05:30</dateChanged>
      <retired>true</retired>
      <dateRetired id="24">2018-09-21 10:05:30</dateRetired>
      <retiredBy/>
      <retireReason>NOT USED</retireReason>
      <attributes id="25">
        <org.openmrs.LocationAttribute id="26" uuid="c1e46f27-3f10-11e4-adec-0800271c1b75">
          <creator/>
          <dateCreated id="27">2014-09-18 00:00:00</dateCreated>
          <voided>false</voided>
          <owner class="org.openmrs.Location" reference="21"/>
          <attributeType class="org.openmrs.LocationAttributeType" id="28" uuid="c1e403a0-3f10-11e4-adec-0800271c1b75">
            <name>IdentifierSourceName</name>
            <description>Identifier source name of the source that needs to be used for patients coming from this location</description>
            <creator/>
            <dateCreated id="29">2014-09-18 00:00:00</dateCreated>
            <retired>false</retired>
            <minOccurs>0</minOccurs>
            <maxOccurs>1</maxOccurs>
            <datatypeClassname>org.openmrs.customdatatype.datatype.FreeTextDatatype</datatypeClassname>
            <locationAttributeTypeId>1</locationAttributeTypeId>
          </attributeType>
          <valueReference>GAN</valueReference>
          <locationAttributeId>1</locationAttributeId>
        </org.openmrs.LocationAttribute>
      </attributes>
      <locationId>2</locationId>
      <childLocations id="30">
        <org.openmrs.Location id="31" uuid="c58e12ed-3f12-11e4-adec-0800271c1b75">
          <name>OPD-1</name>
          <creator/>
          <dateCreated id="32">2014-09-18 14:34:18</dateCreated>
          <changedBy/>
          <dateChanged id="33">2018-09-21 10:04:57</dateChanged>
          <retired>true</retired>
          <dateRetired id="34">2018-09-21 10:04:57</dateRetired>
          <retiredBy/>
          <retireReason>NOT USED</retireReason>
          <attributes id="35"/>
          <locationId>8</locationId>
          <parentLocation reference="21"/>
          <childLocations id="36"/>
          <tags id="37">
            <org.openmrs.LocationTag reference="9"/>
          </tags>
        </org.openmrs.Location>
        <org.openmrs.Location reference="16"/>
        <org.openmrs.Location id="38" uuid="bb0e512e-d225-11e4-9c67-080027b662ec">
          <name>Labour Ward</name>
          <description>General Ward</description>
          <creator/>
          <dateCreated id="39">2015-03-24 18:30:22</dateCreated>
          <changedBy/>
          <dateChanged id="40">2018-09-21 10:05:04</dateChanged>
          <retired>true</retired>
          <dateRetired id="41">2018-09-21 10:05:04</dateRetired>
          <retiredBy/>
          <retireReason>NOT USED</retireReason>
          <attributes id="42"/>
          <locationId>11</locationId>
          <parentLocation reference="21"/>
          <childLocations id="43">
            <org.openmrs.Location id="44" uuid="bb0eb071-d225-11e4-9c67-080027b662ec">
              <name>Labour Ward - 1</name>
              <description>1st Floor of General Ward</description>
              <creator/>
              <dateCreated id="45">2015-03-24 18:30:22</dateCreated>
              <changedBy/>
              <dateChanged id="46">2018-09-21 10:04:49</dateChanged>
              <retired>true</retired>
              <dateRetired id="47">2018-09-21 10:04:49</dateRetired>
              <retiredBy/>
              <retireReason>NOT USED</retireReason>
              <attributes id="48"/>
              <locationId>12</locationId>
              <parentLocation reference="38"/>
              <childLocations id="49"/>
              <tags id="50">
                <org.openmrs.LocationTag id="51" uuid="a675e840-d225-11e4-9c67-080027b662ec">
                  <name>Admission Location</name>
                  <description>General Ward Patients</description>
                  <creator/>
                  <dateCreated id="52">2015-03-24 18:29:47</dateCreated>
                  <retired>false</retired>
                  <locationTagId>2</locationTagId>
                </org.openmrs.LocationTag>
              </tags>
            </org.openmrs.Location>
          </childLocations>
          <tags id="53">
            <org.openmrs.LocationTag reference="9"/>
            <org.openmrs.LocationTag reference="51"/>
          </tags>
        </org.openmrs.Location>
        <org.openmrs.Location id="54" uuid="c5854fd7-3f12-11e4-adec-0800271c1b75">
          <name>Registration Desk</name>
          <creator/>
          <dateCreated id="55">2014-09-18 14:34:18</dateCreated>
          <changedBy/>
          <dateChanged id="56">2018-09-21 10:04:42</dateChanged>
          <retired>true</retired>
          <dateRetired id="57">2018-09-21 10:04:42</dateRetired>
          <retiredBy/>
          <retireReason>NOT USED</retireReason>
          <attributes id="58"/>
          <locationId>7</locationId>
          <parentLocation reference="21"/>
          <childLocations id="59"/>
          <tags id="60">
            <org.openmrs.LocationTag reference="9"/>
          </tags>
        </org.openmrs.Location>
      </childLocations>
      <tags id="61">
        <org.openmrs.LocationTag reference="7"/>
      </tags>
    </parentLocation>
    <childLocations id="62">
      <org.openmrs.Location id="63" uuid="baf83667-d225-11e4-9c67-080027b662ec">
        <name>General Ward Room 1</name>
        <description>1st Floor of General Ward</description>
        <creator/>
        <dateCreated id="64">2015-03-24 18:30:22</dateCreated>
        <changedBy/>
        <dateChanged id="65">2018-09-21 10:05:11</dateChanged>
        <retired>true</retired>
        <dateRetired id="66">2018-09-21 10:05:11</dateRetired>
        <retiredBy/>
        <retireReason>NOT USED</retireReason>
        <attributes id="67"/>
        <locationId>10</locationId>
        <parentLocation reference="16"/>
        <childLocations id="68"/>
        <tags id="69">
          <org.openmrs.LocationTag reference="51"/>
        </tags>
      </org.openmrs.Location>
      <org.openmrs.Location id="70" uuid="e48fb2b3-d490-11e5-b193-0800270d80ce">
        <name>General Ward - Room 2</name>
        <creator/>
        <dateCreated id="71">2015-11-02 05:47:24</dateCreated>
        <changedBy/>
        <dateChanged id="72">2018-09-21 10:05:17</dateChanged>
        <retired>true</retired>
        <dateRetired id="73">2018-09-21 10:05:17</dateRetired>
        <retiredBy/>
        <retireReason>NOT USED</retireReason>
        <attributes id="74"/>
        <locationId>14</locationId>
        <parentLocation reference="16"/>
        <childLocations id="75"/>
        <tags id="76"/>
      </org.openmrs.Location>
    </childLocations>
    <tags id="77">
      <org.openmrs.LocationTag reference="9"/>
      <org.openmrs.LocationTag reference="51"/>
    </tags>
  </org.openmrs.Location>
  <org.openmrs.Location reference="63"/>
  <org.openmrs.Location reference="38"/>
  <org.openmrs.Location reference="44"/>
  <org.openmrs.Location reference="21"/>
  <org.openmrs.Location id="78" uuid="c1e4950f-3f10-11e4-adec-0800271c1b75">
    <name>Subcenter 2 (SEM)</name>
    <description>Subcenter 2 (SEM)</description>
    <creator/>
    <dateCreated id="79">2014-09-18 00:00:00</dateCreated>
    <changedBy/>
    <dateChanged id="80">2018-09-21 10:04:27</dateChanged>
    <retired>true</retired>
    <dateRetired id="81">2018-09-21 10:04:27</dateRetired>
    <retiredBy/>
    <retireReason>NOT USED</retireReason>
    <attributes id="82">
      <org.openmrs.LocationAttribute id="83" uuid="c1e4e4a5-3f10-11e4-adec-0800271c1b75">
        <creator/>
        <dateCreated id="84">2014-09-18 00:00:00</dateCreated>
        <voided>false</voided>
        <owner class="org.openmrs.Location" reference="78"/>
        <attributeType class="org.openmrs.LocationAttributeType" reference="28"/>
        <valueReference>SEM</valueReference>
        <locationAttributeId>2</locationAttributeId>
      </org.openmrs.LocationAttribute>
    </attributes>
    <locationId>3</locationId>
    <childLocations id="85"/>
    <tags id="86">
      <org.openmrs.LocationTag reference="7"/>
      <org.openmrs.LocationTag reference="9"/>
    </tags>
  </org.openmrs.Location>
  <org.openmrs.Location id="87" uuid="c1ebb8db-3f10-11e4-adec-0800271c1b75">
    <name>Subcenter 3 (SIV)</name>
    <description>Subcenter 3 (SIV)</description>
    <creator/>
    <dateCreated id="88">2014-09-18 00:00:00</dateCreated>
    <changedBy/>
    <dateChanged id="89">2018-09-21 10:04:18</dateChanged>
    <retired>true</retired>
    <dateRetired id="90">2018-09-21 10:04:18</dateRetired>
    <retiredBy/>
    <retireReason>NOT USED</retireReason>
    <attributes id="91">
      <org.openmrs.LocationAttribute id="92" uuid="c1f23319-3f10-11e4-adec-0800271c1b75">
        <creator/>
        <dateCreated id="93">2014-09-18 00:00:00</dateCreated>
        <voided>false</voided>
        <owner class="org.openmrs.Location" reference="87"/>
        <attributeType class="org.openmrs.LocationAttributeType" reference="28"/>
        <valueReference>SIV</valueReference>
        <locationAttributeId>3</locationAttributeId>
      </org.openmrs.LocationAttribute>
    </attributes>
    <locationId>4</locationId>
    <childLocations id="94"/>
    <tags id="95"/>
  </org.openmrs.Location>
  <org.openmrs.Location id="96" uuid="c1f25be5-3f10-11e4-adec-0800271c1b75">
    <name>Subcenter 1 (BAM)</name>
    <description>Subcenter 1 (BAM)</description>
    <creator/>
    <dateCreated id="97">2014-09-18 00:00:00</dateCreated>
    <changedBy/>
    <dateChanged id="98">2018-09-21 10:04:35</dateChanged>
    <retired>true</retired>
    <dateRetired id="99">2018-09-21 10:04:35</dateRetired>
    <retiredBy/>
    <retireReason>NOT USED</retireReason>
    <attributes id="100">
      <org.openmrs.LocationAttribute id="101" uuid="c1f2a697-3f10-11e4-adec-0800271c1b75">
        <creator/>
        <dateCreated id="102">2014-09-18 00:00:00</dateCreated>
        <voided>false</voided>
        <owner class="org.openmrs.Location" reference="96"/>
        <attributeType class="org.openmrs.LocationAttributeType" reference="28"/>
        <valueReference>BAM</valueReference>
        <locationAttributeId>4</locationAttributeId>
      </org.openmrs.LocationAttribute>
    </attributes>
    <locationId>5</locationId>
    <childLocations id="103"/>
    <tags id="104">
      <org.openmrs.LocationTag reference="7"/>
      <org.openmrs.LocationTag reference="9"/>
    </tags>
  </org.openmrs.Location>
  <org.openmrs.Location reference="54"/>
  <org.openmrs.Location reference="31"/>
  <org.openmrs.Location reference="70"/>
</list>
