<?xml version="1.0" encoding="UTF-8"?>
<list id="1">
  <org.openmrs.Location id="2" uuid="0a53e73c-1c78-4b3d-b1c9-8dbff99cfca5">
    <name>Dr Salam Jibrel Medical Center</name>
    <description>Dr Salam Jibrel Medical Center</description>
    <creator/>
    <dateCreated id="3">2018-09-21 10:43:17</dateCreated>
    <changedBy/>
    <dateChanged id="4">2018-09-27 20:54:42</dateChanged>
    <retired>false</retired>
    <attributes id="5"/>
    <locationId>15</locationId>
    <country>Bahrain</country>
    <childLocations id="6"/>
    <tags id="7">
      <org.openmrs.LocationTag id="8" uuid="475d8fa3-5572-11e6-8be9-0800270d80ce">
        <name>Visit Location</name>
        <description>Visit Location</description>
        <creator/>
        <dateCreated id="9">2016-07-29 15:23:19</dateCreated>
        <changedBy/>
        <dateChanged id="10">2018-09-21 11:10:50</dateChanged>
        <retired>false</retired>
        <locationTagId>3</locationTagId>
      </org.openmrs.LocationTag>
      <org.openmrs.LocationTag id="11" uuid="b8bbf83e-645f-451f-8efe-a0db56f09676">
        <name>Login Location</name>
        <description>When a user logs in and chooses a session location, they may only choose one with this tag</description>
        <creator/>
        <dateCreated id="12">2014-09-18 14:28:23</dateCreated>
        <changedBy/>
        <dateChanged id="13">2018-09-21 11:10:50</dateChanged>
        <retired>false</retired>
        <locationTagId>1</locationTagId>
      </org.openmrs.LocationTag>
    </tags>
  </org.openmrs.Location>
  <org.openmrs.Location id="14" uuid="8d6c993e-c2cc-11de-8d13-0010c6dffd0f">
    <name>Unknown Location</name>
    <creator/>
    <dateCreated id="15">2005-09-22 00:00:00</dateCreated>
    <changedBy/>
    <dateChanged id="16">2018-09-21 11:10:50</dateChanged>
    <retired>false</retired>
    <attributes id="17"/>
    <locationId>1</locationId>
    <childLocations id="18"/>
    <tags id="19"/>
  </org.openmrs.Location>
  <org.openmrs.Location id="20" uuid="baf7bd38-d225-11e4-9c67-080027b662ec">
    <name>General Ward</name>
    <description>General Ward</description>
    <creator/>
    <dateCreated id="21">2015-03-24 18:30:22</dateCreated>
    <changedBy/>
    <dateChanged id="22">2018-09-21 11:10:50</dateChanged>
    <retired>true</retired>
    <dateRetired id="23">2018-09-21 10:05:24</dateRetired>
    <retiredBy/>
    <retireReason>NOT USED</retireReason>
    <attributes id="24"/>
    <locationId>9</locationId>
    <parentLocation id="25" resolves-to="org.openmrs.Location" uuid="c1e42932-3f10-11e4-adec-0800271c1b75">
      <name>Ganiyari</name>
      <description>Ganiyari hospital</description>
      <creator/>
      <dateCreated id="26">2014-09-18 00:00:00</dateCreated>
      <changedBy/>
      <dateChanged id="27">2018-09-21 11:10:50</dateChanged>
      <retired>true</retired>
      <dateRetired id="28">2018-09-21 10:05:30</dateRetired>
      <retiredBy/>
      <retireReason>NOT USED</retireReason>
      <attributes id="29">
        <org.openmrs.LocationAttribute id="30" uuid="c1e46f27-3f10-11e4-adec-0800271c1b75">
          <creator/>
          <dateCreated id="31">2014-09-18 00:00:00</dateCreated>
          <changedBy/>
          <dateChanged id="32">2018-09-21 11:10:50</dateChanged>
          <voided>false</voided>
          <owner class="org.openmrs.Location" reference="25"/>
          <attributeType class="org.openmrs.LocationAttributeType" id="33" uuid="c1e403a0-3f10-11e4-adec-0800271c1b75">
            <name>IdentifierSourceName</name>
            <description>Identifier source name of the source that needs to be used for patients coming from this location</description>
            <creator/>
            <dateCreated id="34">2014-09-18 00:00:00</dateCreated>
            <changedBy/>
            <dateChanged id="35">2018-09-21 11:10:50</dateChanged>
            <retired>false</retired>
            <minOccurs>0</minOccurs>
            <maxOccurs>1</maxOccurs>
            <datatypeClassname>org.openmrs.customdatatype.datatype.FreeTextDatatype</datatypeClassname>
            <locationAttributeTypeId>1</locationAttributeTypeId>
          </attributeType>
          <valueReference>GAN</valueReference>
          <locationAttributeId>1</locationAttributeId>
        </org.openmrs.LocationAttribute>
      </attributes>
      <locationId>2</locationId>
      <childLocations id="36">
        <org.openmrs.Location id="37" uuid="c58e12ed-3f12-11e4-adec-0800271c1b75">
          <name>OPD-1</name>
          <creator/>
          <dateCreated id="38">2014-09-18 14:34:18</dateCreated>
          <changedBy/>
          <dateChanged id="39">2018-09-21 11:10:50</dateChanged>
          <retired>true</retired>
          <dateRetired id="40">2018-09-21 10:04:57</dateRetired>
          <retiredBy/>
          <retireReason>NOT USED</retireReason>
          <attributes id="41"/>
          <locationId>8</locationId>
          <parentLocation reference="25"/>
          <childLocations id="42"/>
          <tags id="43">
            <org.openmrs.LocationTag reference="11"/>
          </tags>
        </org.openmrs.Location>
        <org.openmrs.Location reference="20"/>
        <org.openmrs.Location id="44" uuid="bb0e512e-d225-11e4-9c67-080027b662ec">
          <name>Labour Ward</name>
          <description>General Ward</description>
          <creator/>
          <dateCreated id="45">2015-03-24 18:30:22</dateCreated>
          <changedBy/>
          <dateChanged id="46">2018-09-21 11:10:50</dateChanged>
          <retired>true</retired>
          <dateRetired id="47">2018-09-21 10:05:04</dateRetired>
          <retiredBy/>
          <retireReason>NOT USED</retireReason>
          <attributes id="48"/>
          <locationId>11</locationId>
          <parentLocation reference="25"/>
          <childLocations id="49">
            <org.openmrs.Location id="50" uuid="bb0eb071-d225-11e4-9c67-080027b662ec">
              <name>Labour Ward - 1</name>
              <description>1st Floor of General Ward</description>
              <creator/>
              <dateCreated id="51">2015-03-24 18:30:22</dateCreated>
              <changedBy/>
              <dateChanged id="52">2018-09-21 11:10:50</dateChanged>
              <retired>true</retired>
              <dateRetired id="53">2018-09-21 10:04:49</dateRetired>
              <retiredBy/>
              <retireReason>NOT USED</retireReason>
              <attributes id="54"/>
              <locationId>12</locationId>
              <parentLocation reference="44"/>
              <childLocations id="55"/>
              <tags id="56">
                <org.openmrs.LocationTag id="57" uuid="a675e840-d225-11e4-9c67-080027b662ec">
                  <name>Admission Location</name>
                  <description>General Ward Patients</description>
                  <creator/>
                  <dateCreated id="58">2015-03-24 18:29:47</dateCreated>
                  <changedBy/>
                  <dateChanged id="59">2018-09-21 11:10:50</dateChanged>
                  <retired>false</retired>
                  <locationTagId>2</locationTagId>
                </org.openmrs.LocationTag>
              </tags>
            </org.openmrs.Location>
          </childLocations>
          <tags id="60">
            <org.openmrs.LocationTag reference="11"/>
            <org.openmrs.LocationTag reference="57"/>
          </tags>
        </org.openmrs.Location>
        <org.openmrs.Location id="61" uuid="c5854fd7-3f12-11e4-adec-0800271c1b75">
          <name>Registration Desk</name>
          <creator/>
          <dateCreated id="62">2014-09-18 14:34:18</dateCreated>
          <changedBy/>
          <dateChanged id="63">2018-09-21 11:10:50</dateChanged>
          <retired>true</retired>
          <dateRetired id="64">2018-09-21 10:04:42</dateRetired>
          <retiredBy/>
          <retireReason>NOT USED</retireReason>
          <attributes id="65"/>
          <locationId>7</locationId>
          <parentLocation reference="25"/>
          <childLocations id="66"/>
          <tags id="67">
            <org.openmrs.LocationTag reference="11"/>
          </tags>
        </org.openmrs.Location>
      </childLocations>
      <tags id="68">
        <org.openmrs.LocationTag reference="8"/>
      </tags>
    </parentLocation>
    <childLocations id="69">
      <org.openmrs.Location id="70" uuid="baf83667-d225-11e4-9c67-080027b662ec">
        <name>General Ward Room 1</name>
        <description>1st Floor of General Ward</description>
        <creator/>
        <dateCreated id="71">2015-03-24 18:30:22</dateCreated>
        <changedBy/>
        <dateChanged id="72">2018-09-21 11:10:50</dateChanged>
        <retired>true</retired>
        <dateRetired id="73">2018-09-21 10:05:11</dateRetired>
        <retiredBy/>
        <retireReason>NOT USED</retireReason>
        <attributes id="74"/>
        <locationId>10</locationId>
        <parentLocation reference="20"/>
        <childLocations id="75"/>
        <tags id="76">
          <org.openmrs.LocationTag reference="57"/>
        </tags>
      </org.openmrs.Location>
      <org.openmrs.Location id="77" uuid="e48fb2b3-d490-11e5-b193-0800270d80ce">
        <name>General Ward - Room 2</name>
        <creator/>
        <dateCreated id="78">2015-11-02 05:47:24</dateCreated>
        <changedBy/>
        <dateChanged id="79">2018-09-21 11:10:50</dateChanged>
        <retired>true</retired>
        <dateRetired id="80">2018-09-21 10:05:17</dateRetired>
        <retiredBy/>
        <retireReason>NOT USED</retireReason>
        <attributes id="81"/>
        <locationId>14</locationId>
        <parentLocation reference="20"/>
        <childLocations id="82"/>
        <tags id="83"/>
      </org.openmrs.Location>
    </childLocations>
    <tags id="84">
      <org.openmrs.LocationTag reference="11"/>
      <org.openmrs.LocationTag reference="57"/>
    </tags>
  </org.openmrs.Location>
  <org.openmrs.Location reference="70"/>
  <org.openmrs.Location reference="44"/>
  <org.openmrs.Location reference="50"/>
  <org.openmrs.Location reference="25"/>
  <org.openmrs.Location id="85" uuid="c1e4950f-3f10-11e4-adec-0800271c1b75">
    <name>Subcenter 2 (SEM)</name>
    <description>Subcenter 2 (SEM)</description>
    <creator/>
    <dateCreated id="86">2014-09-18 00:00:00</dateCreated>
    <changedBy/>
    <dateChanged id="87">2018-09-21 11:10:50</dateChanged>
    <retired>true</retired>
    <dateRetired id="88">2018-09-21 10:04:27</dateRetired>
    <retiredBy/>
    <retireReason>NOT USED</retireReason>
    <attributes id="89">
      <org.openmrs.LocationAttribute id="90" uuid="c1e4e4a5-3f10-11e4-adec-0800271c1b75">
        <creator/>
        <dateCreated id="91">2014-09-18 00:00:00</dateCreated>
        <changedBy/>
        <dateChanged id="92">2018-09-21 11:10:50</dateChanged>
        <voided>false</voided>
        <owner class="org.openmrs.Location" reference="85"/>
        <attributeType class="org.openmrs.LocationAttributeType" reference="33"/>
        <valueReference>SEM</valueReference>
        <locationAttributeId>2</locationAttributeId>
      </org.openmrs.LocationAttribute>
    </attributes>
    <locationId>3</locationId>
    <childLocations id="93"/>
    <tags id="94">
      <org.openmrs.LocationTag reference="8"/>
      <org.openmrs.LocationTag reference="11"/>
    </tags>
  </org.openmrs.Location>
  <org.openmrs.Location id="95" uuid="c1ebb8db-3f10-11e4-adec-0800271c1b75">
    <name>Subcenter 3 (SIV)</name>
    <description>Subcenter 3 (SIV)</description>
    <creator/>
    <dateCreated id="96">2014-09-18 00:00:00</dateCreated>
    <changedBy/>
    <dateChanged id="97">2018-09-21 11:10:50</dateChanged>
    <retired>true</retired>
    <dateRetired id="98">2018-09-21 10:04:18</dateRetired>
    <retiredBy/>
    <retireReason>NOT USED</retireReason>
    <attributes id="99">
      <org.openmrs.LocationAttribute id="100" uuid="c1f23319-3f10-11e4-adec-0800271c1b75">
        <creator/>
        <dateCreated id="101">2014-09-18 00:00:00</dateCreated>
        <changedBy/>
        <dateChanged id="102">2018-09-21 11:10:50</dateChanged>
        <voided>false</voided>
        <owner class="org.openmrs.Location" reference="95"/>
        <attributeType class="org.openmrs.LocationAttributeType" reference="33"/>
        <valueReference>SIV</valueReference>
        <locationAttributeId>3</locationAttributeId>
      </org.openmrs.LocationAttribute>
    </attributes>
    <locationId>4</locationId>
    <childLocations id="103"/>
    <tags id="104"/>
  </org.openmrs.Location>
  <org.openmrs.Location id="105" uuid="c1f25be5-3f10-11e4-adec-0800271c1b75">
    <name>Subcenter 1 (BAM)</name>
    <description>Subcenter 1 (BAM)</description>
    <creator/>
    <dateCreated id="106">2014-09-18 00:00:00</dateCreated>
    <changedBy/>
    <dateChanged id="107">2018-09-21 11:10:50</dateChanged>
    <retired>true</retired>
    <dateRetired id="108">2018-09-21 10:04:35</dateRetired>
    <retiredBy/>
    <retireReason>NOT USED</retireReason>
    <attributes id="109">
      <org.openmrs.LocationAttribute id="110" uuid="c1f2a697-3f10-11e4-adec-0800271c1b75">
        <creator/>
        <dateCreated id="111">2014-09-18 00:00:00</dateCreated>
        <changedBy/>
        <dateChanged id="112">2018-09-21 11:10:50</dateChanged>
        <voided>false</voided>
        <owner class="org.openmrs.Location" reference="105"/>
        <attributeType class="org.openmrs.LocationAttributeType" reference="33"/>
        <valueReference>BAM</valueReference>
        <locationAttributeId>4</locationAttributeId>
      </org.openmrs.LocationAttribute>
    </attributes>
    <locationId>5</locationId>
    <childLocations id="113"/>
    <tags id="114">
      <org.openmrs.LocationTag reference="8"/>
      <org.openmrs.LocationTag reference="11"/>
    </tags>
  </org.openmrs.Location>
  <org.openmrs.Location reference="61"/>
  <org.openmrs.Location reference="37"/>
  <org.openmrs.Location reference="77"/>
</list>
