<?xml version="1.0" encoding="UTF-8"?>
<list id="1">
  <org.openmrs.PatientIdentifierType id="2" uuid="0d2ac572-8de3-46c8-9976-1f78899c599f">
    <name>National ID</name>
    <description>National ID</description>
    <creator/>
    <dateCreated id="3">2016-11-10 12:03:26</dateCreated>
    <retired>false</retired>
    <patientIdentifierTypeId>4</patientIdentifierTypeId>
    <required>false</required>
    <checkDigit>false</checkDigit>
    <locationBehavior>NOT_USED</locationBehavior>
  </org.openmrs.PatientIdentifierType>
  <org.openmrs.PatientIdentifierType id="4" uuid="81433852-3f10-11e4-adec-0800271c1b75">
    <name>Patient Identifier</name>
    <description>New patient identifier type created for use by the Bahmni Registration System</description>
    <creator/>
    <dateCreated id="5">2014-09-18 00:00:00</dateCreated>
    <changedBy/>
    <dateChanged id="6">2018-09-17 17:18:47</dateChanged>
    <retired>true</retired>
    <dateRetired id="7">2018-09-17 17:18:47</dateRetired>
    <retiredBy/>
    <retireReason>NOT USED</retireReason>
    <patientIdentifierTypeId>3</patientIdentifierTypeId>
    <required>true</required>
    <checkDigit>false</checkDigit>
    <locationBehavior>NOT_USED</locationBehavior>
  </org.openmrs.PatientIdentifierType>
  <org.openmrs.PatientIdentifierType id="8" uuid="8d793bee-c2cc-11de-8d13-0010c6dffd0f">
    <name>OpenMRS ID</name>
    <description>Unique number used in OpenMRS</description>
    <creator/>
    <dateCreated id="9">2005-09-22 00:00:00</dateCreated>
    <changedBy/>
    <dateChanged id="10">2018-09-17 18:01:49</dateChanged>
    <retired>false</retired>
    <patientIdentifierTypeId>1</patientIdentifierTypeId>
    <required>false</required>
    <checkDigit>false</checkDigit>
    <validator>org.openmrs.patient.impl.LuhnIdentifierValidator</validator>
    <locationBehavior>NOT_USED</locationBehavior>
    <uniquenessBehavior>UNIQUE</uniquenessBehavior>
  </org.openmrs.PatientIdentifierType>
  <org.openmrs.PatientIdentifierType id="11" uuid="8d79403a-c2cc-11de-8d13-0010c6dffd0f">
    <name>Old Identification Number</name>
    <description>Number given out prior to the OpenMRS system (No check digit)</description>
    <creator/>
    <dateCreated id="12">2005-09-22 00:00:00</dateCreated>
    <changedBy/>
    <dateChanged id="13">2018-09-17 17:04:53</dateChanged>
    <retired>true</retired>
    <dateRetired id="14">2018-09-17 17:04:53</dateRetired>
    <retiredBy/>
    <retireReason>NOT USED</retireReason>
    <patientIdentifierTypeId>2</patientIdentifierTypeId>
    <required>false</required>
    <checkDigit>false</checkDigit>
  </org.openmrs.PatientIdentifierType>
</list>
