<?xml version="1.0" encoding="UTF-8"?>
<package id="1" uuid="97b41d5c-6dfd-4dae-a4d7-b1c198a2a619">
  <dateCreated id="2">2018-09-13 07:19:40</dateCreated>
  <name>visitType</name>
  <description>Visit Types</description>
  <openmrsVersion>2.1.1  Build 725db5</openmrsVersion>
  <version>1</version>
  <groupUuid>e4f502b3-2710-4208-b04e-acf4cc4d5be1</groupUuid>
  <modules id="3">
    <entry>
      <string>calculation</string>
      <string>1.2</string>
    </entry>
    <entry>
      <string>legacyui</string>
      <string>1.3.3</string>
    </entry>
    <entry>
      <string>metadatasharing</string>
      <string>1.2.2</string>
    </entry>
    <entry>
      <string>elisatomfeedclient</string>
      <string>0.90-SNAPSHOT</string>
    </entry>
    <entry>
      <string>bedmanagement</string>
      <string>5.6.0</string>
    </entry>
    <entry>
      <string>providermanagement</string>
      <string>2.5.0</string>
    </entry>
    <entry>
      <string>bacteriology</string>
      <string>1.1-SNAPSHOT</string>
    </entry>
    <entry>
      <string>htmlwidgets</string>
      <string>1.8.0</string>
    </entry>
    <entry>
      <string>reference-data</string>
      <string>0.90-SNAPSHOT</string>
    </entry>
    <entry>
      <string>addresshierarchy</string>
      <string>2.11.0</string>
    </entry>
    <entry>
      <string>uiframework</string>
      <string>3.8</string>
    </entry>
    <entry>
      <string>rulesengine</string>
      <string>0.90-SNAPSHOT</string>
    </entry>
    <entry>
      <string>idgen-webservices</string>
      <string>1.2-SNAPSHOT</string>
    </entry>
    <entry>
      <string>event</string>
      <string>2.5</string>
    </entry>
    <entry>
      <string>uicommons</string>
      <string>2.0</string>
    </entry>
    <entry>
      <string>reporting</string>
      <string>1.12.0</string>
    </entry>
    <entry>
      <string>emrapi</string>
      <string>1.23.0</string>
    </entry>
    <entry>
      <string>episodes</string>
      <string>1.0-SNAPSHOT</string>
    </entry>
    <entry>
      <string>appointments</string>
      <string>1.0-SNAPSHOT</string>
    </entry>
    <entry>
      <string>idgen</string>
      <string>4.4.1</string>
    </entry>
    <entry>
      <string>auditlog</string>
      <string>1.0-SNAPSHOT</string>
    </entry>
    <entry>
      <string>bahmnicore</string>
      <string>0.90-SNAPSHOT</string>
    </entry>
    <entry>
      <string>uilibrary</string>
      <string>2.0.5</string>
    </entry>
    <entry>
      <string>initializer</string>
      <string>1.0.2-SNAPSHOT</string>
    </entry>
    <entry>
      <string>appframework</string>
      <string>2.10.0</string>
    </entry>
    <entry>
      <string>webservices.rest</string>
      <string>2.20.0.0e371e</string>
    </entry>
    <entry>
      <string>openmrs-atomfeed</string>
      <string>2.5.6</string>
    </entry>
    <entry>
      <string>metadatamapping</string>
      <string>1.3.1</string>
    </entry>
    <entry>
      <string>bahmni.ie.apps</string>
      <string>0.90-SNAPSHOT</string>
    </entry>
    <entry>
      <string>serialization.xstream</string>
      <string>0.2.12</string>
    </entry>
  </modules>
  <items class="linked-hash-set" id="4">
    <org.openmrs.module.metadatasharing.Item id="5" uuid="527b9d81-cbc0-49f1-9725-aab35f0087cd">
      <id>10</id>
      <classname>org.openmrs.VisitType</classname>
      <dateChanged id="6">2018-09-13 07:15:20</dateChanged>
      <retired>false</retired>
    </org.openmrs.module.metadatasharing.Item>
    <org.openmrs.module.metadatasharing.Item id="7" uuid="8e12ab5b-8ad7-4f11-8bfa-59c45a4d534b">
      <id>11</id>
      <classname>org.openmrs.VisitType</classname>
      <dateChanged id="8">2018-09-13 07:15:32</dateChanged>
      <retired>false</retired>
    </org.openmrs.module.metadatasharing.Item>
    <org.openmrs.module.metadatasharing.Item id="9" uuid="ad3bf573-aa9a-4f42-a6f4-4c8222606010">
      <id>9</id>
      <classname>org.openmrs.VisitType</classname>
      <dateChanged id="10">2018-09-13 07:15:09</dateChanged>
      <retired>false</retired>
    </org.openmrs.module.metadatasharing.Item>
    <org.openmrs.module.metadatasharing.Item id="11" uuid="f64c1744-ae27-44bd-92f6-39a193a7a2c8">
      <id>12</id>
      <classname>org.openmrs.VisitType</classname>
      <dateChanged id="12">2018-09-13 07:15:43</dateChanged>
      <retired>false</retired>
    </org.openmrs.module.metadatasharing.Item>
  </items>
  <relatedItems class="linked-hash-set" id="13"/>
</package>
