<?xml version="1.0" encoding="UTF-8"?>
<package id="1" uuid="113c95dd-0dd3-40bc-a108-b2661237b6e1">
  <dateCreated id="2">2018-09-14 14:57:41</dateCreated>
  <name>VisitType</name>
  <description>visit Type</description>
  <openmrsVersion>2.1.1  Build 725db5</openmrsVersion>
  <version>1</version>
  <groupUuid>5265dda9-dfe0-4bc4-b74b-a2b61888acb0</groupUuid>
  <modules id="3">
    <entry>
      <string>calculation</string>
      <string>1.2</string>
    </entry>
    <entry>
      <string>legacyui</string>
      <string>1.3.3</string>
    </entry>
    <entry>
      <string>metadatasharing</string>
      <string>1.2.2</string>
    </entry>
    <entry>
      <string>elisatomfeedclient</string>
      <string>0.90-SNAPSHOT</string>
    </entry>
    <entry>
      <string>bedmanagement</string>
      <string>5.6.0</string>
    </entry>
    <entry>
      <string>providermanagement</string>
      <string>2.5.0</string>
    </entry>
    <entry>
      <string>bacteriology</string>
      <string>1.1-SNAPSHOT</string>
    </entry>
    <entry>
      <string>htmlwidgets</string>
      <string>1.8.0</string>
    </entry>
    <entry>
      <string>reference-data</string>
      <string>0.90-SNAPSHOT</string>
    </entry>
    <entry>
      <string>addresshierarchy</string>
      <string>2.11.0</string>
    </entry>
    <entry>
      <string>uiframework</string>
      <string>3.8</string>
    </entry>
    <entry>
      <string>rulesengine</string>
      <string>0.90-SNAPSHOT</string>
    </entry>
    <entry>
      <string>idgen-webservices</string>
      <string>1.2-SNAPSHOT</string>
    </entry>
    <entry>
      <string>event</string>
      <string>2.5</string>
    </entry>
    <entry>
      <string>uicommons</string>
      <string>2.0</string>
    </entry>
    <entry>
      <string>reporting</string>
      <string>1.12.0</string>
    </entry>
    <entry>
      <string>emrapi</string>
      <string>1.23.0</string>
    </entry>
    <entry>
      <string>episodes</string>
      <string>1.0-SNAPSHOT</string>
    </entry>
    <entry>
      <string>appointments</string>
      <string>1.0-SNAPSHOT</string>
    </entry>
    <entry>
      <string>idgen</string>
      <string>4.4.1</string>
    </entry>
    <entry>
      <string>auditlog</string>
      <string>1.0-SNAPSHOT</string>
    </entry>
    <entry>
      <string>bahmnicore</string>
      <string>0.90-SNAPSHOT</string>
    </entry>
    <entry>
      <string>uilibrary</string>
      <string>2.0.5</string>
    </entry>
    <entry>
      <string>initializer</string>
      <string>1.0.2-SNAPSHOT</string>
    </entry>
    <entry>
      <string>appframework</string>
      <string>2.10.0</string>
    </entry>
    <entry>
      <string>webservices.rest</string>
      <string>2.20.0.0e371e</string>
    </entry>
    <entry>
      <string>openmrs-atomfeed</string>
      <string>2.5.6</string>
    </entry>
    <entry>
      <string>metadatamapping</string>
      <string>1.3.1</string>
    </entry>
    <entry>
      <string>bahmni.ie.apps</string>
      <string>0.90-SNAPSHOT</string>
    </entry>
    <entry>
      <string>serialization.xstream</string>
      <string>0.2.12</string>
    </entry>
  </modules>
  <items class="linked-hash-set" id="4">
    <org.openmrs.module.metadatasharing.Item id="5" uuid="527b9d81-cbc0-49f1-9725-aab35f0087cd">
      <id>9</id>
      <classname>org.openmrs.VisitType</classname>
      <dateChanged id="6">2018-09-13 07:15:20</dateChanged>
      <retired>false</retired>
    </org.openmrs.module.metadatasharing.Item>
    <org.openmrs.module.metadatasharing.Item id="7" uuid="8e12ab5b-8ad7-4f11-8bfa-59c45a4d534b">
      <id>10</id>
      <classname>org.openmrs.VisitType</classname>
      <dateChanged id="8">2018-09-13 07:15:32</dateChanged>
      <retired>false</retired>
    </org.openmrs.module.metadatasharing.Item>
    <org.openmrs.module.metadatasharing.Item id="9" uuid="ad3bf573-aa9a-4f42-a6f4-4c8222606010">
      <id>11</id>
      <classname>org.openmrs.VisitType</classname>
      <dateChanged id="10">2018-09-13 07:15:09</dateChanged>
      <retired>false</retired>
    </org.openmrs.module.metadatasharing.Item>
    <org.openmrs.module.metadatasharing.Item id="11" uuid="b9cb32c9-3f12-11e4-adec-0800271c1b75">
      <id>7</id>
      <classname>org.openmrs.VisitType</classname>
      <dateChanged id="12">2018-09-14 14:56:28</dateChanged>
      <retired>true</retired>
    </org.openmrs.module.metadatasharing.Item>
    <org.openmrs.module.metadatasharing.Item id="13" uuid="bef32e14-3f12-11e4-adec-0800271c1b75">
      <id>8</id>
      <classname>org.openmrs.VisitType</classname>
      <dateChanged id="14">2018-09-14 14:56:34</dateChanged>
      <retired>true</retired>
    </org.openmrs.module.metadatasharing.Item>
    <org.openmrs.module.metadatasharing.Item id="15" uuid="c228eab1-3f10-11e4-adec-0800271c1b75">
      <id>3</id>
      <classname>org.openmrs.VisitType</classname>
      <dateChanged id="16">2018-09-14 14:56:01</dateChanged>
      <retired>true</retired>
    </org.openmrs.module.metadatasharing.Item>
    <org.openmrs.module.metadatasharing.Item id="17" uuid="c22a5000-3f10-11e4-adec-0800271c1b75">
      <id>4</id>
      <classname>org.openmrs.VisitType</classname>
      <dateChanged id="18">2018-09-14 14:56:07</dateChanged>
      <retired>true</retired>
    </org.openmrs.module.metadatasharing.Item>
    <org.openmrs.module.metadatasharing.Item id="19" uuid="c23d6c9d-3f10-11e4-adec-0800271c1b75">
      <id>5</id>
      <classname>org.openmrs.VisitType</classname>
      <dateChanged id="20">2018-09-14 14:56:13</dateChanged>
      <retired>true</retired>
    </org.openmrs.module.metadatasharing.Item>
    <org.openmrs.module.metadatasharing.Item id="21" uuid="c2402997-3f10-11e4-adec-0800271c1b75">
      <id>6</id>
      <classname>org.openmrs.VisitType</classname>
      <dateChanged id="22">2018-09-14 14:56:21</dateChanged>
      <retired>true</retired>
    </org.openmrs.module.metadatasharing.Item>
    <org.openmrs.module.metadatasharing.Item id="23" uuid="f64c1744-ae27-44bd-92f6-39a193a7a2c8">
      <id>12</id>
      <classname>org.openmrs.VisitType</classname>
      <dateChanged id="24">2018-09-13 07:15:43</dateChanged>
      <retired>false</retired>
    </org.openmrs.module.metadatasharing.Item>
  </items>
  <relatedItems class="linked-hash-set" id="25"/>
</package>
