<?xml version="1.0" encoding="UTF-8"?>
<list id="1">
  <org.openmrs.VisitType id="2" uuid="527b9d81-cbc0-49f1-9725-aab35f0087cd">
    <name>Gynecology</name>
    <creator/>
    <dateCreated id="3">2018-09-13 07:15:20</dateCreated>
    <retired>false</retired>
    <visitTypeId>10</visitTypeId>
  </org.openmrs.VisitType>
  <org.openmrs.VisitType id="4" uuid="8e12ab5b-8ad7-4f11-8bfa-59c45a4d534b">
    <name>High risk pregnancy</name>
    <creator/>
    <dateCreated id="5">2018-09-13 07:15:32</dateCreated>
    <retired>false</retired>
    <visitTypeId>11</visitTypeId>
  </org.openmrs.VisitType>
  <org.openmrs.VisitType id="6" uuid="ad3bf573-aa9a-4f42-a6f4-4c8222606010">
    <name>Fertility</name>
    <creator/>
    <dateCreated id="7">2018-09-13 07:15:09</dateCreated>
    <retired>false</retired>
    <visitTypeId>9</visitTypeId>
  </org.openmrs.VisitType>
  <org.openmrs.VisitType id="8" uuid="f64c1744-ae27-44bd-92f6-39a193a7a2c8">
    <name>Fetal medicine</name>
    <creator/>
    <dateCreated id="9">2018-09-13 07:15:43</dateCreated>
    <retired>false</retired>
    <visitTypeId>12</visitTypeId>
  </org.openmrs.VisitType>
</list>
