<?xml version="1.0" encoding="UTF-8"?>
<list id="1">
  <org.openmrs.VisitType id="2" uuid="527b9d81-cbc0-49f1-9725-aab35f0087cd">
    <name>Gynecology</name>
    <creator/>
    <dateCreated id="3">2018-09-13 07:15:20</dateCreated>
    <retired>false</retired>
    <visitTypeId>9</visitTypeId>
  </org.openmrs.VisitType>
  <org.openmrs.VisitType id="4" uuid="8e12ab5b-8ad7-4f11-8bfa-59c45a4d534b">
    <name>High risk pregnancy</name>
    <creator/>
    <dateCreated id="5">2018-09-13 07:15:32</dateCreated>
    <retired>false</retired>
    <visitTypeId>10</visitTypeId>
  </org.openmrs.VisitType>
  <org.openmrs.VisitType id="6" uuid="ad3bf573-aa9a-4f42-a6f4-4c8222606010">
    <name>Fertility</name>
    <creator/>
    <dateCreated id="7">2018-09-13 07:15:09</dateCreated>
    <retired>false</retired>
    <visitTypeId>11</visitTypeId>
  </org.openmrs.VisitType>
  <org.openmrs.VisitType id="8" uuid="b9cb32c9-3f12-11e4-adec-0800271c1b75">
    <name>PHARMACY VISIT</name>
    <description>Visit for syncing sale orders from pharmacy</description>
    <creator/>
    <dateCreated id="9">2014-09-18 00:00:00</dateCreated>
    <changedBy/>
    <dateChanged id="10">2018-09-14 14:56:28</dateChanged>
    <retired>true</retired>
    <dateRetired id="11">2018-09-14 14:56:28</dateRetired>
    <retiredBy/>
    <retireReason>NOT USED</retireReason>
    <visitTypeId>7</visitTypeId>
  </org.openmrs.VisitType>
  <org.openmrs.VisitType id="12" uuid="bef32e14-3f12-11e4-adec-0800271c1b75">
    <name>LAB VISIT</name>
    <description>Visits for lab visit by patient when the tests are not ordered through OpenMRS</description>
    <creator/>
    <dateCreated id="13">2014-09-18 00:00:00</dateCreated>
    <changedBy/>
    <dateChanged id="14">2018-09-14 14:56:34</dateChanged>
    <retired>true</retired>
    <dateRetired id="15">2018-09-14 14:56:34</dateRetired>
    <retiredBy/>
    <retireReason>NOT USED</retireReason>
    <visitTypeId>8</visitTypeId>
  </org.openmrs.VisitType>
  <org.openmrs.VisitType id="16" uuid="c228eab1-3f10-11e4-adec-0800271c1b75">
    <name>IPD</name>
    <description>Visit for patients being admitted</description>
    <creator/>
    <dateCreated id="17">2014-09-18 14:19:53</dateCreated>
    <changedBy/>
    <dateChanged id="18">2018-09-14 14:56:01</dateChanged>
    <retired>true</retired>
    <dateRetired id="19">2018-09-14 14:56:01</dateRetired>
    <retiredBy/>
    <retireReason>NOT USED</retireReason>
    <visitTypeId>3</visitTypeId>
  </org.openmrs.VisitType>
  <org.openmrs.VisitType id="20" uuid="c22a5000-3f10-11e4-adec-0800271c1b75">
    <name>OPD</name>
    <description>Visit for patients coming for OPD</description>
    <creator/>
    <dateCreated id="21">2014-09-18 14:19:53</dateCreated>
    <changedBy/>
    <dateChanged id="22">2018-09-14 14:56:07</dateChanged>
    <retired>true</retired>
    <dateRetired id="23">2018-09-14 14:56:07</dateRetired>
    <retiredBy/>
    <retireReason>NOT USED</retireReason>
    <visitTypeId>4</visitTypeId>
  </org.openmrs.VisitType>
  <org.openmrs.VisitType id="24" uuid="c23d6c9d-3f10-11e4-adec-0800271c1b75">
    <name>Special OPD</name>
    <description>Visit for patients coming for Dental, Spine, Skin etc</description>
    <creator/>
    <dateCreated id="25">2014-09-18 14:19:53</dateCreated>
    <changedBy/>
    <dateChanged id="26">2018-09-14 14:56:13</dateChanged>
    <retired>true</retired>
    <dateRetired id="27">2018-09-14 14:56:13</dateRetired>
    <retiredBy/>
    <retireReason>NOT USED</retireReason>
    <visitTypeId>5</visitTypeId>
  </org.openmrs.VisitType>
  <org.openmrs.VisitType id="28" uuid="c2402997-3f10-11e4-adec-0800271c1b75">
    <name>EMERGENCY</name>
    <description>Emergency patient visit</description>
    <creator/>
    <dateCreated id="29">2014-09-18 14:19:53</dateCreated>
    <changedBy/>
    <dateChanged id="30">2018-09-14 14:56:21</dateChanged>
    <retired>true</retired>
    <dateRetired id="31">2018-09-14 14:56:21</dateRetired>
    <retiredBy/>
    <retireReason>NOT USED</retireReason>
    <visitTypeId>6</visitTypeId>
  </org.openmrs.VisitType>
  <org.openmrs.VisitType id="32" uuid="f64c1744-ae27-44bd-92f6-39a193a7a2c8">
    <name>Fetal medicine</name>
    <creator/>
    <dateCreated id="33">2018-09-13 07:15:43</dateCreated>
    <retired>false</retired>
    <visitTypeId>12</visitTypeId>
  </org.openmrs.VisitType>
</list>
